<?xml version="1.0" encoding="UTF-8" ?>
<module>
    <name>aismarttalk</name>
    <displayName><![CDATA[AI SmartTalk]]></displayName>
    <version><![CDATA[3.0.0]]></version>
    <description><![CDATA[Chatbot IA pour votre boutique PrestaShop - https://aismarttalk.tech/]]></description>
    <author><![CDATA[AI SmartTalk]]></author>
    <tab><![CDATA[front_office_features]]></tab>
    <confirmUninstall><![CDATA[Êtes-vous sûr de vouloir désinstaller ?]]></confirmUninstall>
    <is_configurable>1</is_configurable>
    <need_instance>0</need_instance>
</module>